{
  "IcoMoonType": "selection",
  "icons": [
    {
      "icon": {
        "paths": [
          "M768 342v-86h-512v86h512zM768 470v-86h-512v86h512zM768 598v-86h-512v86h512zM854 86c46 0 84 38 84 84v512c0 46-38 86-84 86h-598l-170 170v-768c0-46 38-84 84-84h684z"
        ],
        "attrs": [
          {}
        ],
        "isMulticolor": false,
        "isMulticolor2": false,
        "tags": [
          "message"
        ],
        "grid": 24
      },
      "attrs": [
        {}
      ],
      "properties": {
        "order": 1,
        "id": 0,
        "prevSize": 24,
        "code": 59650,
        "name": "message"
      },
      "setIdx": 0,
      "setId": 4,
      "iconIdx": 0
    },
    {
      "icon": {
        "paths": [
          "M956.006 563.2h-85.606v307.2c0 22.784-9.933 51.2-51.2 51.2h-204.8v-307.2h-204.8v307.2h-204.8c-41.267 0-51.2-28.416-51.2-51.2v-307.2h-85.606c-30.618 0-24.064-16.589-3.072-38.298l410.829-411.238c9.984-10.342 23.091-15.462 36.25-15.974 13.158 0.512 26.266 5.581 36.25 15.974l410.778 411.187c21.043 21.76 27.597 38.349-3.021 38.349z"
        ],
        "attrs": [],
        "isMulticolor": false,
        "isMulticolor2": false,
        "tags": [
          "home"
        ],
        "grid": 20
      },
      "attrs": [],
      "properties": {
        "id": 0,
        "order": 3,
        "prevSize": 20,
        "code": 59648,
        "name": "home"
      },
      "setIdx": 1,
      "setId": 3,
      "iconIdx": 0
    },
    {
      "icon": {
        "paths": [
          "M887.296 512.768l-271.52 271.424-90.496-90.72 116.992-117.472h-450.272v-128h450.272l-117.024-116.608 90.496-90.112 271.552 271.488z"
        ],
        "attrs": [
          {}
        ],
        "isMulticolor": false,
        "isMulticolor2": false,
        "tags": [
          "go",
          "leave",
          "advance",
          "pass",
          "proceed",
          "move",
          "depart"
        ],
        "grid": 16
      },
      "attrs": [
        {}
      ],
      "properties": {
        "order": 6,
        "id": 1,
        "prevSize": 32,
        "code": 59649,
        "name": "go"
      },
      "setIdx": 1,
      "setId": 3,
      "iconIdx": 1
    },
    {
      "icon": {
        "paths": [
          "M480 64c-265.096 0-480 214.904-480 480 0 265.098 214.904 480 480 480 265.098 0 480-214.902 480-480 0-265.096-214.902-480-480-480zM480 928c-212.078 0-384-171.922-384-384s171.922-384 384-384c212.078 0 384 171.922 384 384s-171.922 384-384 384zM512 512v-128h128v-64h-128v-64h-64v64h-128v256h128v128h-128v64h128v64h64v-64h128.002l-0.002-256h-128zM448 512h-64v-128h64v128zM576.002 704h-64.002v-128h64.002v128z"
        ],
        "attrs": [],
        "isMulticolor": false,
        "isMulticolor2": false,
        "tags": [
          "coin-dollar",
          "money",
          "cash",
          "currency-dollar"
        ],
        "defaultCode": 59707,
        "grid": 16
      },
      "attrs": [],
      "properties": {
        "ligatures": "coin-dollar, money",
        "name": "coin-dollar",
        "id": 59,
        "order": 9,
        "prevSize": 32,
        "code": 59707
      },
      "setIdx": 3,
      "setId": 1,
      "iconIdx": 59
    },
    {
      "icon": {
        "paths": [
          "M384 64h-320c-35.2 0-64 28.8-64 64v320c0 35.2 28.796 64 64 64h320c35.2 0 64-28.8 64-64v-320c0-35.2-28.8-64-64-64zM384 320h-320v-64h320v64zM896 64h-320c-35.204 0-64 28.8-64 64v832c0 35.2 28.796 64 64 64h320c35.2 0 64-28.8 64-64v-832c0-35.2-28.8-64-64-64zM896 640h-320v-64h320v64zM896 448h-320v-64h320v64zM384 576h-320c-35.2 0-64 28.8-64 64v320c0 35.2 28.796 64 64 64h320c35.2 0 64-28.8 64-64v-320c0-35.2-28.8-64-64-64zM384 832h-128v128h-64v-128h-128v-64h128v-128h64v128h128v64z"
        ],
        "attrs": [],
        "isMulticolor": false,
        "isMulticolor2": false,
        "tags": [
          "calculator",
          "compute",
          "math",
          "arithmetic",
          "sum"
        ],
        "defaultCode": 59712,
        "grid": 16
      },
      "attrs": [],
      "properties": {
        "ligatures": "calculator, compute",
        "name": "calculator",
        "id": 64,
        "order": 12,
        "prevSize": 32,
        "code": 59712
      },
      "setIdx": 3,
      "setId": 1,
      "iconIdx": 64
    },
    {
      "icon": {
        "paths": [
          "M928 128h-832c-52.8 0-96 43.2-96 96v640c0 52.8 43.2 96 96 96h832c52.8 0 96-43.2 96-96v-640c0-52.8-43.2-96-96-96zM398.74 550.372l-270.74 210.892v-501.642l270.74 290.75zM176.38 256h671.24l-335.62 252-335.62-252zM409.288 561.698l102.712 110.302 102.71-110.302 210.554 270.302h-626.528l210.552-270.302zM625.26 550.372l270.74-290.75v501.642l-270.74-210.892z"
        ],
        "attrs": [],
        "isMulticolor": false,
        "isMulticolor2": false,
        "tags": [
          "envelop",
          "mail",
          "email",
          "contact",
          "letter"
        ],
        "defaultCode": 59717,
        "grid": 16
      },
      "attrs": [],
      "properties": {
        "ligatures": "envelop, mail",
        "name": "envelop",
        "id": 69,
        "order": 11,
        "prevSize": 32,
        "code": 59717
      },
      "setIdx": 3,
      "setId": 1,
      "iconIdx": 69
    },
    {
      "icon": {
        "paths": [
          "M576 706.612v-52.78c70.498-39.728 128-138.772 128-237.832 0-159.058 0-288-192-288s-192 128.942-192 288c0 99.060 57.502 198.104 128 237.832v52.78c-217.102 17.748-384 124.42-384 253.388h896c0-128.968-166.898-235.64-384-253.388z"
        ],
        "attrs": [],
        "isMulticolor": false,
        "isMulticolor2": false,
        "tags": [
          "user",
          "profile",
          "avatar",
          "person",
          "member"
        ],
        "defaultCode": 59761,
        "grid": 16
      },
      "attrs": [],
      "properties": {
        "ligatures": "user, profile2",
        "name": "user",
        "id": 113,
        "order": 8,
        "prevSize": 32,
        "code": 59761
      },
      "setIdx": 3,
      "setId": 1,
      "iconIdx": 113
    },
    {
      "icon": {
        "paths": [
          "M512 64c282.77 0 512 229.23 512 512 0 192.792-106.576 360.666-264.008 448h-495.984c-157.432-87.334-264.008-255.208-264.008-448 0-282.77 229.23-512 512-512zM801.914 865.914c77.438-77.44 120.086-180.398 120.086-289.914h-90v-64h85.038c-7.014-44.998-21.39-88.146-42.564-128h-106.474v-64h64.284c-9.438-11.762-19.552-23.096-30.37-33.914-46.222-46.22-101.54-80.038-161.914-99.798v69.712h-64v-85.040c-20.982-3.268-42.36-4.96-64-4.96s-43.018 1.69-64 4.96v85.040h-64v-69.712c-60.372 19.76-115.692 53.576-161.914 99.798-10.818 10.818-20.932 22.152-30.37 33.914h64.284v64h-106.476c-21.174 39.854-35.552 83.002-42.564 128h85.040v64h-90c0 109.516 42.648 212.474 120.086 289.914 10.71 10.71 21.924 20.728 33.56 30.086h192.354l36.572-512h54.856l36.572 512h192.354c11.636-9.358 22.852-19.378 33.56-30.086z"
        ],
        "attrs": [],
        "isMulticolor": false,
        "isMulticolor2": false,
        "tags": [
          "meter",
          "gauge",
          "dashboard",
          "speedometer",
          "performance"
        ],
        "defaultCode": 59814,
        "grid": 16
      },
      "attrs": [],
      "properties": {
        "ligatures": "meter, gauge",
        "name": "meter",
        "id": 166,
        "order": 7,
        "prevSize": 32,
        "code": 59814
      },
      "setIdx": 3,
      "setId": 1,
      "iconIdx": 166
    }
  ],
  "height": 1024,
  "metadata": {
    "name": "icomoon"
  },
  "preferences": {
    "showGlyphs": true,
    "showCodes": true,
    "showQuickUse": true,
    "showQuickUse2": true,
    "showSVGs": true,
    "fontPref": {
      "prefix": "icon-",
      "metadata": {
        "fontFamily": "icomoon"
      },
      "metrics": {
        "emSize": 1024,
        "baseline": 6.25,
        "whitespace": 50
      },
      "embed": false
    },
    "imagePref": {
      "prefix": "icon-",
      "png": true,
      "useClassSelector": true,
      "color": 0,
      "bgColor": 16777215
    },
    "historySize": 50
  }
}